Top queries,Clicks,Impressions,CTR,Position
bedsheet tailor near me,1,1,100%,4
low income hospitals,1,1,100%,4
liquidation center near me,1,1,100%,18
grocery abu dhabi,0,121,0%,64.1
handyman services abu dhabi,0,112,0%,90.07
things to do in abu dhabi this weekend,0,105,0%,87.25
handyman abu dhabi,0,88,0%,88.39
kids activities in abu dhabi,0,84,0%,72.58
handyman in abu dhabi,0,72,0%,90.89
supermarket abu dhabi,0,56,0%,73.77
kids activities abu dhabi,0,38,0%,71.71
abu dhabi supermarkets,0,30,0%,63.93
preschool in khalifa city a,0,28,0%,65.75
fitness first marina mall ladies only,0,27,0%,66.85
abu dhabi children's activities,0,25,0%,68.2
play area in abu dhabi,0,25,0%,84.88
supermarket in abu dhabi,0,23,0%,72.52
weekend abu dhabi,0,22,0%,71.91
things to do abu dhabi this weekend,0,20,0%,57.2
british orchard nursery al bateen,0,19,0%,82.21
abu dhabi supermarket,0,15,0%,71.8
kids play area abu dhabi,0,15,0%,71.87
indoor play areas in abu dhabi,0,15,0%,76.4
toddler play area abu dhabi,0,14,0%,76.86
kids weekend activities reem mall,0,14,0%,78.57
best preschool in abu dhabi,0,14,0%,86.21
nursery abu dhabi,0,14,0%,97.21
abu dhabi grocery stores,0,13,0%,52
pony nursery khalifa city a,0,13,0%,55.85
abu dhabi kids activities,0,13,0%,70.62
laptop repair abu dhabi,0,13,0%,83.92
#inabudhabi latest,0,13,0%,87.62
gym nation mushrif mall,0,13,0%,90.38
weekend in abu dhabi,0,12,0%,66.42
cheap hospital in abu dhabi without insurance,0,11,0%,5.82
gymnation abu dhabi reem island,0,10,0%,72.7
drop-in play abu dhabi,0,10,0%,86.3
nursery in abu dhabi,0,10,0%,96.2
kids zone nursery - muroor abu dhabi reviews,0,8,0%,10.5
discount stores near me,0,8,0%,13.88
hypermarket in abu dhabi,0,8,0%,78.38
toddler activities reem mall,0,8,0%,89.88
quran book shop near me,0,7,0%,58.29
play areas in abu dhabi,0,7,0%,72.14
abu dhabi weekends,0,7,0%,74.29
warner bros. world abu dhabi,0,7,0%,83.43
indoor playground abu dhabi,0,7,0%,85
discount centers near me,0,6,0%,7.67
discount mart near me,0,6,0%,27.83
supermarkets in abu dhabi,0,6,0%,43
abu dhabi this weekend,0,6,0%,67.17
play area abu dhabi,0,6,0%,67.67
abu dhabi attractions for kids,0,6,0%,71.83
fitness first abu dhabi marina mall,0,5,0%,80.6
metro manila supermarket electra street,0,4,0%,9.5
cheap hospital near me,0,4,0%,9.75
hamel alghaith (holy quran memorization institute),0,4,0%,14
computer repairs near me,0,4,0%,48.25
what to do in abu dhabi this weekend,0,4,0%,57.5
computer repair abu dhabi,0,4,0%,65.25
abu dhabi weekend,0,4,0%,69.25
fazaa healthcare discounts,0,4,0%,87
warehouse stores,0,3,0%,4.33
discovery nursery abu dhabi,0,3,0%,40
abu dhabi grocery prices,0,3,0%,52
grocery store abu dhabi,0,3,0%,71.33
1 to 10 dirham shops in abu dhabi,0,3,0%,72
groceries abu dhabi,0,3,0%,75
انشطة للاطفال في ابوظبي,0,3,0%,85.67
cheapest hospital without insurance near me,0,2,0%,1
discounted stores near me,0,2,0%,4
fazaa health,0,2,0%,13.5
grocery stores in abu dhabi,0,2,0%,16
warehouse mussafah shoes,0,2,0%,29.5
grocery near me,0,2,0%,41.5
computer repair services near me,0,2,0%,52.5
abu dhabi mall supermarket,0,2,0%,53
jubail island,0,2,0%,53
fun works abu dhabi,0,2,0%,55
computer repair near me,0,2,0%,58.5
fix computers near me,0,2,0%,59.5
abu dhabi grocery,0,2,0%,65
kids activity abu dhabi,0,2,0%,67
super market in abu dhabi,0,2,0%,71.5
noah ark nursery abu dhabi,0,2,0%,72
nation gym abu dhabi,0,2,0%,78.5
grocery near me now,0,2,0%,82
nurseries in abu dhabi,0,2,0%,85.5
gym al bateen,0,2,0%,86.5
biggest supermarket in abu dhabi,0,2,0%,87
weekends in abu dhabi,0,2,0%,95
the room abu dhabi,0,2,0%,98
bargains,0,1,0%,1
charity care hospitals near me,0,1,0%,1
montessori,0,1,0%,1
al habasha restaurant abu dhabi branch photos,0,1,0%,2
discount warehouse near me,0,1,0%,2
quran teachers near me,0,1,0%,2
affordable hospitals,0,1,0%,3
crazy bargains near me,0,1,0%,3
syrian supermarket near me,0,1,0%,3
specialty grocery stores near me,0,1,0%,4
warehouse outlet near me,0,1,0%,5
islamic bookstore near me,0,1,0%,6
warehouse shop near me,0,1,0%,6
1 dirham shop abu dhabi,0,1,0%,7
al halal supermarket near me,0,1,0%,7
cheap stores near me,0,1,0%,8
discount store abu dhabi,0,1,0%,10
mini pc repair near me,0,1,0%,10
open box store near me,0,1,0%,10
supermarkets abu dhabi,0,1,0%,10
ibn al qayyim islamic records & bookshop,0,1,0%,11
turkish grocery store near me,0,1,0%,11
turkish supermarket near me,0,1,0%,11
discount center mussafah,0,1,0%,12
just fix electronics & repair reviews,0,1,0%,14
how to get fazaa card,0,1,0%,19
al bateen centre for holy quran memorisation,0,1,0%,20
best supermarket in abu dhabi,0,1,0%,20
warehouse sale in abu dhabi,0,1,0%,23
grocery shopping abu dhabi,0,1,0%,25
alfares cargo service & clearance reviews,0,1,0%,28
nearest grocery,0,1,0%,28
discount near me,0,1,0%,29
al adil khalidiya,0,1,0%,32
balikbayan box abu dhabi,0,1,0%,34
noah's ark nursery - branch 1,0,1,0%,36
sunny meadows montessori nursery khalifa branch,0,1,0%,37
week end abu dhabi,0,1,0%,37
warehouse gym ladies yas bay,0,1,0%,39
qko abu dhabi,0,1,0%,40
tea souk muroor,0,1,0%,40
french nursery abu dhabi,0,1,0%,42
lbc uae air cargo rates,0,1,0%,43
orange wheels al reem mall,0,1,0%,44
pinoy mart abu dhabi,0,1,0%,44
ahalia hospital hamdan reviews,0,1,0%,45
halal store near me,0,1,0%,45
the bargain warehouse,0,1,0%,45
curtains stitching near me,0,1,0%,47
cheapest supermarket abu dhabi,0,1,0%,48
fitness first forsan,0,1,0%,49
pinoy mart supermarket abu dhabi,0,1,0%,51
tailors abu dhabi,0,1,0%,54
fitness first khalifa city,0,1,0%,57
fitness first marina mall,0,1,0%,57
vogue fitness yas ladies,0,1,0%,57
computer shops in electra street abu dhabi,0,1,0%,60
dalma mall kids activities,0,1,0%,62
quran store near me,0,1,0%,62
computer services near me,0,1,0%,63
abu dhabi kid activities,0,1,0%,64
yas mall kids play area,0,1,0%,64
kids play reem mall,0,1,0%,65
kids entertainment abu dhabi,0,1,0%,66
government hospitals in abu dhabi,0,1,0%,68
new groceries,0,1,0%,71
fix electronics near me,0,1,0%,72
lbc abu dhabi contact number,0,1,0%,72
palm supermarket abu dhabi,0,1,0%,72
crossfit in yas,0,1,0%,73
manila supermarket abu dhabi,0,1,0%,73
hot vinyasa abu dhabi,0,1,0%,76
warehouse discount,0,1,0%,76
nurseries abu dhabi,0,1,0%,77
rosewood abu dhabi gym,0,1,0%,77
fajr prayer time madinat zayed,0,1,0%,78
playground abu dhabi,0,1,0%,79
redwood al bateen,0,1,0%,79
abu dhabi mall kids,0,1,0%,81
indoor play area abu dhabi,0,1,0%,81
"-site:facebook.com -site:fb.me -site:youtube.com -site:youtu.be 
-site:youtube.be -site:twitter.com -site:instagram.com -site:tiktok.com 
-site:vm.tiktok.com -site:t.co -site:x.com -site:reddit.com ""indrive""",0,1,0%,82
shops near me food,0,1,0%,82
fitness first marina mall abu dhabi,0,1,0%,86
kids park abu dhabi,0,1,0%,86
virgin mobile uae,0,1,0%,86
curtain shop mussafah,0,1,0%,90
harmal dana,0,1,0%,90
lbc abu dhabi,0,1,0%,91
kids abu dhabi,0,1,0%,92
pop in and play abu dhabi,0,1,0%,92
etizan fitness abu dhabi,0,1,0%,93
gyms in khalifa city abu dhabi,0,1,0%,93
free hospital in abu dhabi,0,1,0%,94
nursery school in abu dhabi,0,1,0%,94
nursery schools in abu dhabi,0,1,0%,98
best supermarket abu dhabi,0,1,0%,99
"-site:facebook.com -site:fb.me -site:youtube.com -site:youtu.be 
-site:youtube.be -site:twitter.com -site:instagram.com -site:tiktok.com 
-site:vm.tiktok.com -site:t.co -site:x.com -site:reddit.com 
-site:linkedin.com ""indrive"" +""indrive""",0,1,0%,100
aswaq al emarat,0,1,0%,101
peruvian food store near me,0,1,0%,109
africa + abu dhabi,0,1,0%,159